method,arm,metric,count,denominator
jev,interpretation,raw_exact,19,24
jev,interpretation,clarification_inconsistent,5,24
jev,interpretation,malformed_or_missing,0,24
jev,interpretation,gate_changed,0,24
jev,interpretation,groups_exact,9,12
jev,interpretation,ash_in_east,24,24
jev,interpretation,clarification,19,24
jev,interpretation,mara_at_depot,24,24
jev,interpretation,policy,24,24
jev,interpretation,west_blocked,24,24
jev,interpretation,unsupported_assertions,0,72
jev,interpretation,suspected_promotions,0,12
jev,raw,trace_match,22,24
jev,raw,coverage,6,24
jev,raw,useful_coverage,6,24
jev,raw,moved,4,24
jev,raw,false_action,0,24
jev,raw,goal_completed,6,24
jev,raw,false_action_per_move,0,4
jev,gated,trace_match,22,24
jev,gated,coverage,6,24
jev,gated,useful_coverage,6,24
jev,gated,moved,4,24
jev,gated,false_action,0,24
jev,gated,goal_completed,6,24
jev,gated,false_action_per_move,0,4
jev,raw,useful_coverage_per_gold_non_ask,6,8
jev,gated,useful_coverage_per_gold_non_ask,6,8
parser,interpretation,raw_exact,6,24
parser,interpretation,clarification_inconsistent,0,24
parser,interpretation,malformed_or_missing,0,24
parser,interpretation,gate_changed,0,24
parser,interpretation,groups_exact,2,12
parser,interpretation,ash_in_east,16,24
parser,interpretation,clarification,8,24
parser,interpretation,mara_at_depot,17,24
parser,interpretation,policy,12,24
parser,interpretation,west_blocked,17,24
parser,interpretation,unsupported_assertions,7,72
parser,interpretation,suspected_promotions,0,12
parser,raw,trace_match,17,24
parser,raw,coverage,3,24
parser,raw,useful_coverage,2,24
parser,raw,moved,2,24
parser,raw,false_action,1,24
parser,raw,goal_completed,3,24
parser,raw,false_action_per_move,1,2
parser,gated,trace_match,17,24
parser,gated,coverage,3,24
parser,gated,useful_coverage,2,24
parser,gated,moved,2,24
parser,gated,false_action,1,24
parser,gated,goal_completed,3,24
parser,gated,false_action_per_move,1,2
parser,raw,useful_coverage_per_gold_non_ask,2,8
parser,gated,useful_coverage_per_gold_non_ask,2,8
gold,reference,trace_match,24,24
gold,reference,coverage,8,24
gold,reference,useful_coverage,8,24
gold,reference,goal_completed,8,24
